ohara_label,column,printed,value,source,table,printed_column,page,archive_item,pdf_page_index,note
PB,SiO2,46.94,46.94,Carnegie Institution of Washington Year Book 62,3,1,79,yearbookcarne62196263carn,150,
PB,Al2O3,9.03,9.03,Carnegie Institution of Washington Year Book 62,3,1,79,yearbookcarne62196263carn,150,
PB,Fe2O3,1.74,1.74,Carnegie Institution of Washington Year Book 62,3,1,79,yearbookcarne62196263carn,150,
PB,FeO,10.25,10.25,Carnegie Institution of Washington Year Book 62,3,1,79,yearbookcarne62196263carn,150,
PB,MnO,0.17,0.17,Carnegie Institution of Washington Year Book 62,3,1,79,yearbookcarne62196263carn,150,
PB,MgO,20.10,20.10,Carnegie Institution of Washington Year Book 62,3,1,79,yearbookcarne62196263carn,150,
PB,CaO,7.76,7.76,Carnegie Institution of Washington Year Book 62,3,1,79,yearbookcarne62196263carn,150,
PB,Na2O,1.59,1.59,Carnegie Institution of Washington Year Book 62,3,1,79,yearbookcarne62196263carn,150,
PB,K2O,0.35,0.35,Carnegie Institution of Washington Year Book 62,3,1,79,yearbookcarne62196263carn,150,
PB,H2O+,0.13,0.13,Carnegie Institution of Washington Year Book 62,3,1,79,yearbookcarne62196263carn,150,
PB,H2O-,Nil,0,Carnegie Institution of Washington Year Book 62,3,1,79,yearbookcarne62196263carn,150,
PB,TiO2,1.80,1.80,Carnegie Institution of Washington Year Book 62,3,1,79,yearbookcarne62196263carn,150,
PB,P2O5,0.17,0.17,Carnegie Institution of Washington Year Book 62,3,1,79,yearbookcarne62196263carn,150,
PB,Cr2O3,0.18,0.18,Carnegie Institution of Washington Year Book 62,3,1,79,yearbookcarne62196263carn,150,
PB,S,n.d.,,Carnegie Institution of Washington Year Book 62,3,1,79,yearbookcarne62196263carn,150,
PB,F,n.d.,,Carnegie Institution of Washington Year Book 62,3,1,79,yearbookcarne62196263carn,150,
PB,total,100.21,100.21,Carnegie Institution of Washington Year Book 62,3,1,79,yearbookcarne62196263carn,150,
PB,n_Qz,---,,Carnegie Institution of Washington Year Book 62,3,1,79,yearbookcarne62196263carn,150,
PB,n_Or,2.22,2.22,Carnegie Institution of Washington Year Book 62,3,1,79,yearbookcarne62196263carn,150,
PB,n_Ab,13.62,13.62,Carnegie Institution of Washington Year Book 62,3,1,79,yearbookcarne62196263carn,150,
PB,n_Ne,---,,Carnegie Institution of Washington Year Book 62,3,1,79,yearbookcarne62196263carn,150,
PB,n_An,16.12,16.12,Carnegie Institution of Washington Year Book 62,3,1,79,yearbookcarne62196263carn,150,
PB,n_Di,17.08,17.08,Carnegie Institution of Washington Year Book 62,3,1,79,yearbookcarne62196263carn,150,
PB,n_Hy,13.74,13.74,Carnegie Institution of Washington Year Book 62,3,1,79,yearbookcarne62196263carn,150,
PB,n_Ol,30.58,30.58,Carnegie Institution of Washington Year Book 62,3,1,79,yearbookcarne62196263carn,150,
PB,n_Il,3.50,3.50,Carnegie Institution of Washington Year Book 62,3,1,79,yearbookcarne62196263carn,150,
PB,n_Mt,2.78,2.78,Carnegie Institution of Washington Year Book 62,3,1,79,yearbookcarne62196263carn,150,
PB,n_Ap,0.34,0.34,Carnegie Institution of Washington Year Book 62,3,1,79,yearbookcarne62196263carn,150,
PB,n_Rest,0.13,0.13,Carnegie Institution of Washington Year Book 62,3,1,79,yearbookcarne62196263carn,150,
PB,n_total,100.11,100.11,Carnegie Institution of Washington Year Book 62,3,1,79,yearbookcarne62196263carn,150,
1840b1,SiO2,50.56,50.56,Carnegie Institution of Washington Year Book 62,3,2,79,yearbookcarne62196263carn,150,
1840b1,Al2O3,12.85,12.85,Carnegie Institution of Washington Year Book 62,3,2,79,yearbookcarne62196263carn,150,
1840b1,Fe2O3,1.52,1.52,Carnegie Institution of Washington Year Book 62,3,2,79,yearbookcarne62196263carn,150,
1840b1,FeO,10.32,10.32,Carnegie Institution of Washington Year Book 62,3,2,79,yearbookcarne62196263carn,150,
1840b1,MnO,0.17,0.17,Carnegie Institution of Washington Year Book 62,3,2,79,yearbookcarne62196263carn,150,
1840b1,MgO,8.30,8.30,Carnegie Institution of Washington Year Book 62,3,2,79,yearbookcarne62196263carn,150,
1840b1,CaO,9.06,9.06,Carnegie Institution of Washington Year Book 62,3,2,79,yearbookcarne62196263carn,150,
1840b1,Na2O,2.63,2.63,Carnegie Institution of Washington Year Book 62,3,2,79,yearbookcarne62196263carn,150,
1840b1,K2O,0.72,0.72,Carnegie Institution of Washington Year Book 62,3,2,79,yearbookcarne62196263carn,150,
1840b1,H2O+,0.13,0.13,Carnegie Institution of Washington Year Book 62,3,2,79,yearbookcarne62196263carn,150,
1840b1,H2O-,Nil,0,Carnegie Institution of Washington Year Book 62,3,2,79,yearbookcarne62196263carn,150,
1840b1,TiO2,3.47,3.47,Carnegie Institution of Washington Year Book 62,3,2,79,yearbookcarne62196263carn,150,
1840b1,P2O5,0.36,0.36,Carnegie Institution of Washington Year Book 62,3,2,79,yearbookcarne62196263carn,150,
1840b1,Cr2O3,n.d.,,Carnegie Institution of Washington Year Book 62,3,2,79,yearbookcarne62196263carn,150,
1840b1,S,n.d.,,Carnegie Institution of Washington Year Book 62,3,2,79,yearbookcarne62196263carn,150,
1840b1,F,n.d.,,Carnegie Institution of Washington Year Book 62,3,2,79,yearbookcarne62196263carn,150,
1840b1,total,100.09,100.09,Carnegie Institution of Washington Year Book 62,3,2,79,yearbookcarne62196263carn,150,
1840b1,n_Qz,0.78,0.78,Carnegie Institution of Washington Year Book 62,3,2,79,yearbookcarne62196263carn,150,
1840b1,n_Or,3.89,3.89,Carnegie Institution of Washington Year Book 62,3,2,79,yearbookcarne62196263carn,150,
1840b1,n_Ab,22.53,22.53,Carnegie Institution of Washington Year Book 62,3,2,79,yearbookcarne62196263carn,150,
1840b1,n_Ne,---,,Carnegie Institution of Washington Year Book 62,3,2,79,yearbookcarne62196263carn,150,
1840b1,n_An,21.13,21.13,Carnegie Institution of Washington Year Book 62,3,2,79,yearbookcarne62196263carn,150,
1840b1,n_Di,17.73,17.73,Carnegie Institution of Washington Year Book 62,3,2,79,yearbookcarne62196263carn,150,
1840b1,n_Hy,24.29,24.29,Carnegie Institution of Washington Year Book 62,3,2,79,yearbookcarne62196263carn,150,
1840b1,n_Ol,---,,Carnegie Institution of Washington Year Book 62,3,2,79,yearbookcarne62196263carn,150,
1840b1,n_Il,6.61,6.61,Carnegie Institution of Washington Year Book 62,3,2,79,yearbookcarne62196263carn,150,
1840b1,n_Mt,2.09,2.09,Carnegie Institution of Washington Year Book 62,3,2,79,yearbookcarne62196263carn,150,
1840b1,n_Ap,0.85,0.85,Carnegie Institution of Washington Year Book 62,3,2,79,yearbookcarne62196263carn,150,
1840b1,n_Rest,0.13,0.13,Carnegie Institution of Washington Year Book 62,3,2,79,yearbookcarne62196263carn,150,
1840b1,n_total,100.03,100.03,Carnegie Institution of Washington Year Book 62,3,2,79,yearbookcarne62196263carn,150,
1840b2,SiO2,51.15,51.15,Carnegie Institution of Washington Year Book 62,3,3,79,yearbookcarne62196263carn,150,
1840b2,Al2O3,14.22,14.22,Carnegie Institution of Washington Year Book 62,3,3,79,yearbookcarne62196263carn,150,
1840b2,Fe2O3,2.55,2.55,Carnegie Institution of Washington Year Book 62,3,3,79,yearbookcarne62196263carn,150,
1840b2,FeO,9.56,9.56,Carnegie Institution of Washington Year Book 62,3,3,79,yearbookcarne62196263carn,150,
1840b2,MnO,0.18,0.18,Carnegie Institution of Washington Year Book 62,3,3,79,yearbookcarne62196263carn,150,
1840b2,MgO,5.65,5.65,Carnegie Institution of Washington Year Book 62,3,3,79,yearbookcarne62196263carn,150,
1840b2,CaO,9.96,9.96,Carnegie Institution of Washington Year Book 62,3,3,79,yearbookcarne62196263carn,150,
1840b2,Na2O,2.58,2.58,Carnegie Institution of Washington Year Book 62,3,3,79,yearbookcarne62196263carn,150,
1840b2,K2O,0.57,0.57,Carnegie Institution of Washington Year Book 62,3,3,79,yearbookcarne62196263carn,150,
1840b2,H2O+,0.22,0.22,Carnegie Institution of Washington Year Book 62,3,3,79,yearbookcarne62196263carn,150,
1840b2,H2O-,Nil,0,Carnegie Institution of Washington Year Book 62,3,3,79,yearbookcarne62196263carn,150,
1840b2,TiO2,3.35,3.35,Carnegie Institution of Washington Year Book 62,3,3,79,yearbookcarne62196263carn,150,
1840b2,P2O5,0.23,0.23,Carnegie Institution of Washington Year Book 62,3,3,79,yearbookcarne62196263carn,150,
1840b2,Cr2O3,n.d.,,Carnegie Institution of Washington Year Book 62,3,3,79,yearbookcarne62196263carn,150,
1840b2,S,n.d.,,Carnegie Institution of Washington Year Book 62,3,3,79,yearbookcarne62196263carn,150,
1840b2,F,n.d.,,Carnegie Institution of Washington Year Book 62,3,3,79,yearbookcarne62196263carn,150,
1840b2,total,100.22,100.22,Carnegie Institution of Washington Year Book 62,3,3,79,yearbookcarne62196263carn,150,
1840b2,n_Qz,4.92,4.92,Carnegie Institution of Washington Year Book 62,3,3,79,yearbookcarne62196263carn,150,
1840b2,n_Or,3.34,3.34,Carnegie Institution of Washington Year Book 62,3,3,79,yearbookcarne62196263carn,150,
1840b2,n_Ab,22.01,22.01,Carnegie Institution of Washington Year Book 62,3,3,79,yearbookcarne62196263carn,150,
1840b2,n_Ne,---,,Carnegie Institution of Washington Year Book 62,3,3,79,yearbookcarne62196263carn,150,
1840b2,n_An,25.31,25.31,Carnegie Institution of Washington Year Book 62,3,3,79,yearbookcarne62196263carn,150,
1840b2,n_Di,18.64,18.64,Carnegie Institution of Washington Year Book 62,3,3,79,yearbookcarne62196263carn,150,
1840b2,n_Hy,15.14,15.14,Carnegie Institution of Washington Year Book 62,3,3,79,yearbookcarne62196263carn,150,
1840b2,n_Ol,---,,Carnegie Institution of Washington Year Book 62,3,3,79,yearbookcarne62196263carn,150,
1840b2,n_Il,6.38,6.38,Carnegie Institution of Washington Year Book 62,3,3,79,yearbookcarne62196263carn,150,
1840b2,n_Mt,3.71,3.71,Carnegie Institution of Washington Year Book 62,3,3,79,yearbookcarne62196263carn,150,
1840b2,n_Ap,0.51,0.51,Carnegie Institution of Washington Year Book 62,3,3,79,yearbookcarne62196263carn,150,
1840b2,n_Rest,0.22,0.22,Carnegie Institution of Washington Year Book 62,3,3,79,yearbookcarne62196263carn,150,
1840b2,n_total,100.18,100.18,Carnegie Institution of Washington Year Book 62,3,3,79,yearbookcarne62196263carn,150,
KA,SiO2,48.69,48.69,Carnegie Institution of Washington Year Book 62,3,4,79,yearbookcarne62196263carn,150,
KA,Al2O3,10.23*,10.23,Carnegie Institution of Washington Year Book 62,3,4,79,yearbookcarne62196263carn,150,"printed ""10.23*"": includes ZrO2, Cr2O3, V2O5 and other undetermined oxides (table footnote)"
KA,Fe2O3,1.63,1.63,Carnegie Institution of Washington Year Book 62,3,4,79,yearbookcarne62196263carn,150,
KA,FeO,10.13,10.13,Carnegie Institution of Washington Year Book 62,3,4,79,yearbookcarne62196263carn,150,
KA,MnO,0.17,0.17,Carnegie Institution of Washington Year Book 62,3,4,79,yearbookcarne62196263carn,150,
KA,MgO,17.72,17.72,Carnegie Institution of Washington Year Book 62,3,4,79,yearbookcarne62196263carn,150,
KA,CaO,7.51,7.51,Carnegie Institution of Washington Year Book 62,3,4,79,yearbookcarne62196263carn,150,
KA,Na2O,1.68,1.68,Carnegie Institution of Washington Year Book 62,3,4,79,yearbookcarne62196263carn,150,
KA,K2O,0.29,0.29,Carnegie Institution of Washington Year Book 62,3,4,79,yearbookcarne62196263carn,150,
KA,H2O+,0.17,0.17,Carnegie Institution of Washington Year Book 62,3,4,79,yearbookcarne62196263carn,150,
KA,H2O-,0.00,0.00,Carnegie Institution of Washington Year Book 62,3,4,79,yearbookcarne62196263carn,150,
KA,TiO2,1.61,1.61,Carnegie Institution of Washington Year Book 62,3,4,79,yearbookcarne62196263carn,150,
KA,P2O5,0.21,0.21,Carnegie Institution of Washington Year Book 62,3,4,79,yearbookcarne62196263carn,150,
KA,Cr2O3,n.d.*,,Carnegie Institution of Washington Year Book 62,3,4,79,yearbookcarne62196263carn,150,"printed ""n.d.*"" (included in Al2O3, see footnote)"
KA,S,0.00,0.00,Carnegie Institution of Washington Year Book 62,3,4,79,yearbookcarne62196263carn,150,
KA,F,0.01,0.01,Carnegie Institution of Washington Year Book 62,3,4,79,yearbookcarne62196263carn,150,
KA,total,100.05,100.05,Carnegie Institution of Washington Year Book 62,3,4,79,yearbookcarne62196263carn,150,"printed 100.05 before the O = F,S correction (0.01), 100.04 after; the value here is the sum of the printed oxides"
KA,n_Qz,---,,Carnegie Institution of Washington Year Book 62,3,4,79,yearbookcarne62196263carn,150,
KA,n_Or,1.67,1.67,Carnegie Institution of Washington Year Book 62,3,4,79,yearbookcarne62196263carn,150,
KA,n_Ab,14.15,14.15,Carnegie Institution of Washington Year Book 62,3,4,79,yearbookcarne62196263carn,150,
KA,n_Ne,---,,Carnegie Institution of Washington Year Book 62,3,4,79,yearbookcarne62196263carn,150,
KA,n_An,19.46,19.46,Carnegie Institution of Washington Year Book 62,3,4,79,yearbookcarne62196263carn,150,
KA,n_Di,13.12,13.12,Carnegie Institution of Washington Year Book 62,3,4,79,yearbookcarne62196263carn,150,
KA,n_Hy,26.50,26.50,Carnegie Institution of Washington Year Book 62,3,4,79,yearbookcarne62196263carn,150,
KA,n_Ol,18.99,18.99,Carnegie Institution of Washington Year Book 62,3,4,79,yearbookcarne62196263carn,150,
KA,n_Il,3.04,3.04,Carnegie Institution of Washington Year Book 62,3,4,79,yearbookcarne62196263carn,150,
KA,n_Mt,2.32,2.32,Carnegie Institution of Washington Year Book 62,3,4,79,yearbookcarne62196263carn,150,
KA,n_Ap,0.51,0.51,Carnegie Institution of Washington Year Book 62,3,4,79,yearbookcarne62196263carn,150,
KA,n_Rest,0.17,0.17,Carnegie Institution of Washington Year Book 62,3,4,79,yearbookcarne62196263carn,150,
KA,n_total,99.93,99.93,Carnegie Institution of Washington Year Book 62,3,4,79,yearbookcarne62196263carn,150,
MK,SiO2,46.01,46.01,Carnegie Institution of Washington Year Book 63,1,MK,93,yearbookcarne63196364carn,190,
MK,Al2O3,7.96,7.96,Carnegie Institution of Washington Year Book 63,1,MK,93,yearbookcarne63196364carn,190,
MK,Fe2O3,2.54,2.54,Carnegie Institution of Washington Year Book 63,1,MK,93,yearbookcarne63196364carn,190,
MK,FeO,9.09,9.09,Carnegie Institution of Washington Year Book 63,1,MK,93,yearbookcarne63196364carn,190,
MK,MnO,0.18,0.18,Carnegie Institution of Washington Year Book 63,1,MK,93,yearbookcarne63196364carn,190,
MK,MgO,20.19,20.19,Carnegie Institution of Washington Year Book 63,1,MK,93,yearbookcarne63196364carn,190,
MK,CaO,10.49,10.49,Carnegie Institution of Washington Year Book 63,1,MK,93,yearbookcarne63196364carn,190,
MK,Na2O,1.26,1.26,Carnegie Institution of Washington Year Book 63,1,MK,93,yearbookcarne63196364carn,190,
MK,K2O,0.27,0.27,Carnegie Institution of Washington Year Book 63,1,MK,93,yearbookcarne63196364carn,190,
MK,H2O+,0.07,0.07,Carnegie Institution of Washington Year Book 63,1,MK,93,yearbookcarne63196364carn,190,
MK,H2O-,0.03,0.03,Carnegie Institution of Washington Year Book 63,1,MK,93,yearbookcarne63196364carn,190,
MK,TiO2,1.61,1.61,Carnegie Institution of Washington Year Book 63,1,MK,93,yearbookcarne63196364carn,190,
MK,P2O5,0.17,0.17,Carnegie Institution of Washington Year Book 63,1,MK,93,yearbookcarne63196364carn,190,
MK,Cr2O3,0.26,0.26,Carnegie Institution of Washington Year Book 63,1,MK,93,yearbookcarne63196364carn,190,
MK,S,...,,Carnegie Institution of Washington Year Book 63,1,MK,93,yearbookcarne63196364carn,190,
MK,F,...,,Carnegie Institution of Washington Year Book 63,1,MK,93,yearbookcarne63196364carn,190,
MK,total,100.13,100.13,Carnegie Institution of Washington Year Book 63,1,MK,93,yearbookcarne63196364carn,190,
MK,n_Qz,...,,Carnegie Institution of Washington Year Book 63,1,MK,93,yearbookcarne63196364carn,190,
MK,n_Or,1.67,1.67,Carnegie Institution of Washington Year Book 63,1,MK,93,yearbookcarne63196364carn,190,
MK,n_Ab,10.48,10.48,Carnegie Institution of Washington Year Book 63,1,MK,93,yearbookcarne63196364carn,190,
MK,n_Ne,...,,Carnegie Institution of Washington Year Book 63,1,MK,93,yearbookcarne63196364carn,190,
MK,n_An,15.29,15.29,Carnegie Institution of Washington Year Book 63,1,MK,93,yearbookcarne63196364carn,190,
MK,n_Di,28.72,28.72,Carnegie Institution of Washington Year Book 63,1,MK,93,yearbookcarne63196364carn,190,
MK,n_Hy,5.51,5.51,Carnegie Institution of Washington Year Book 63,1,MK,93,yearbookcarne63196364carn,190,
MK,n_Ol,30.90,30.90,Carnegie Institution of Washington Year Book 63,1,MK,93,yearbookcarne63196364carn,190,
MK,n_Il,3.04,3.04,Carnegie Institution of Washington Year Book 63,1,MK,93,yearbookcarne63196364carn,190,
MK,n_Mt,4.10†,4.10,Carnegie Institution of Washington Year Book 63,1,MK,93,yearbookcarne63196364carn,190,"printed ""4.10†"": includes chromite (table footnote)"
MK,n_Ap,0.34,0.34,Carnegie Institution of Washington Year Book 63,1,MK,93,yearbookcarne63196364carn,190,
MK,n_Rest,0.10,0.10,Carnegie Institution of Washington Year Book 63,1,MK,93,yearbookcarne63196364carn,190,
MK,n_total,100.15,100.15,Carnegie Institution of Washington Year Book 63,1,MK,93,yearbookcarne63196364carn,190,
ML,SiO2,51.86,51.86,Carnegie Institution of Washington Year Book 63,1,ML 1935,93,yearbookcarne63196364carn,190,
ML,Al2O3,13.89,13.89,Carnegie Institution of Washington Year Book 63,1,ML 1935,93,yearbookcarne63196364carn,190,
ML,Fe2O3,3.00,3.00,Carnegie Institution of Washington Year Book 63,1,ML 1935,93,yearbookcarne63196364carn,190,
ML,FeO,8.44,8.44,Carnegie Institution of Washington Year Book 63,1,ML 1935,93,yearbookcarne63196364carn,190,
ML,MnO,0.14,0.14,Carnegie Institution of Washington Year Book 63,1,ML 1935,93,yearbookcarne63196364carn,190,
ML,MgO,6.99,6.99,Carnegie Institution of Washington Year Book 63,1,ML 1935,93,yearbookcarne63196364carn,190,
ML,CaO,10.77,10.77,Carnegie Institution of Washington Year Book 63,1,ML 1935,93,yearbookcarne63196364carn,190,
ML,Na2O,2.40,2.40,Carnegie Institution of Washington Year Book 63,1,ML 1935,93,yearbookcarne63196364carn,190,
ML,K2O,0.40,0.40,Carnegie Institution of Washington Year Book 63,1,ML 1935,93,yearbookcarne63196364carn,190,
ML,H2O+,0.01,0.01,Carnegie Institution of Washington Year Book 63,1,ML 1935,93,yearbookcarne63196364carn,190,
ML,H2O-,0.01,0.01,Carnegie Institution of Washington Year Book 63,1,ML 1935,93,yearbookcarne63196364carn,190,
ML,TiO2,2.11,2.11,Carnegie Institution of Washington Year Book 63,1,ML 1935,93,yearbookcarne63196364carn,190,
ML,P2O5,0.22,0.22,Carnegie Institution of Washington Year Book 63,1,ML 1935,93,yearbookcarne63196364carn,190,
ML,Cr2O3,...,,Carnegie Institution of Washington Year Book 63,1,ML 1935,93,yearbookcarne63196364carn,190,
ML,S,...,,Carnegie Institution of Washington Year Book 63,1,ML 1935,93,yearbookcarne63196364carn,190,
ML,F,...,,Carnegie Institution of Washington Year Book 63,1,ML 1935,93,yearbookcarne63196364carn,190,
ML,total,100.24,100.24,Carnegie Institution of Washington Year Book 63,1,ML 1935,93,yearbookcarne63196364carn,190,
ML,n_Qz,4.59,4.59,Carnegie Institution of Washington Year Book 63,1,ML 1935,93,yearbookcarne63196364carn,190,
ML,n_Or,2.22,2.22,Carnegie Institution of Washington Year Book 63,1,ML 1935,93,yearbookcarne63196364carn,190,
ML,n_Ab,20.44,20.44,Carnegie Institution of Washington Year Book 63,1,ML 1935,93,yearbookcarne63196364carn,190,
ML,n_Ne,...,,Carnegie Institution of Washington Year Book 63,1,ML 1935,93,yearbookcarne63196364carn,190,
ML,n_An,25.85,25.85,Carnegie Institution of Washington Year Book 63,1,ML 1935,93,yearbookcarne63196364carn,190,
ML,n_Di,21.31,21.31,Carnegie Institution of Washington Year Book 63,1,ML 1935,93,yearbookcarne63196364carn,190,
ML,n_Hy,16.92,16.92,Carnegie Institution of Washington Year Book 63,1,ML 1935,93,yearbookcarne63196364carn,190,
ML,n_Ol,...,,Carnegie Institution of Washington Year Book 63,1,ML 1935,93,yearbookcarne63196364carn,190,
ML,n_Il,3.95,3.95,Carnegie Institution of Washington Year Book 63,1,ML 1935,93,yearbookcarne63196364carn,190,
ML,n_Mt,4.41,4.41,Carnegie Institution of Washington Year Book 63,1,ML 1935,93,yearbookcarne63196364carn,190,
ML,n_Ap,0.51,0.51,Carnegie Institution of Washington Year Book 63,1,ML 1935,93,yearbookcarne63196364carn,190,
ML,n_Rest,0.02,0.02,Carnegie Institution of Washington Year Book 63,1,ML 1935,93,yearbookcarne63196364carn,190,
ML,n_total,100.22,100.22,Carnegie Institution of Washington Year Book 63,1,ML 1935,93,yearbookcarne63196364carn,190,
E1,SiO2,47.11,47.11,Carnegie Institution of Washington Year Book 63,1,E1,93,yearbookcarne63196364carn,190,
E1,Al2O3,14.04,14.04,Carnegie Institution of Washington Year Book 63,1,E1,93,yearbookcarne63196364carn,190,
E1,Fe2O3,2.73,2.73,Carnegie Institution of Washington Year Book 63,1,E1,93,yearbookcarne63196364carn,190,
E1,FeO,12.47,12.47,Carnegie Institution of Washington Year Book 63,1,E1,93,yearbookcarne63196364carn,190,
E1,MnO,0.16,0.16,Carnegie Institution of Washington Year Book 63,1,E1,93,yearbookcarne63196364carn,190,
E1,MgO,5.47,5.47,Carnegie Institution of Washington Year Book 63,1,E1,93,yearbookcarne63196364carn,190,
E1,CaO,10.06,10.06,Carnegie Institution of Washington Year Book 63,1,E1,93,yearbookcarne63196364carn,190,
E1,Na2O,2.84,2.84,Carnegie Institution of Washington Year Book 63,1,E1,93,yearbookcarne63196364carn,190,
E1,K2O,0.77,0.77,Carnegie Institution of Washington Year Book 63,1,E1,93,yearbookcarne63196364carn,190,
E1,H2O+,0.11,0.11,Carnegie Institution of Washington Year Book 63,1,E1,93,yearbookcarne63196364carn,190,
E1,H2O-,0.16,0.16,Carnegie Institution of Washington Year Book 63,1,E1,93,yearbookcarne63196364carn,190,
E1,TiO2,4.27,4.27,Carnegie Institution of Washington Year Book 63,1,E1,93,yearbookcarne63196364carn,190,
E1,P2O5,0.11,0.11,Carnegie Institution of Washington Year Book 63,1,E1,93,yearbookcarne63196364carn,190,
E1,Cr2O3,...,,Carnegie Institution of Washington Year Book 63,1,E1,93,yearbookcarne63196364carn,190,
E1,S,...,,Carnegie Institution of Washington Year Book 63,1,E1,93,yearbookcarne63196364carn,190,
E1,F,...,,Carnegie Institution of Washington Year Book 63,1,E1,93,yearbookcarne63196364carn,190,
E1,total,100.30,100.30,Carnegie Institution of Washington Year Book 63,1,E1,93,yearbookcarne63196364carn,190,
E1,n_Qz,...,,Carnegie Institution of Washington Year Book 63,1,E1,93,yearbookcarne63196364carn,190,
E1,n_Or,4.45,4.45,Carnegie Institution of Washington Year Book 63,1,E1,93,yearbookcarne63196364carn,190,
E1,n_Ab,24.10,24.10,Carnegie Institution of Washington Year Book 63,1,E1,93,yearbookcarne63196364carn,190,
E1,n_Ne,...,,Carnegie Institution of Washington Year Book 63,1,E1,93,yearbookcarne63196364carn,190,
E1,n_An,23.35,23.35,Carnegie Institution of Washington Year Book 63,1,E1,93,yearbookcarne63196364carn,190,
E1,n_Di,21.37,21.37,Carnegie Institution of Washington Year Book 63,1,E1,93,yearbookcarne63196364carn,190,
E1,n_Hy,7.45,7.45,Carnegie Institution of Washington Year Book 63,1,E1,93,yearbookcarne63196364carn,190,
E1,n_Ol,6.97,6.97,Carnegie Institution of Washington Year Book 63,1,E1,93,yearbookcarne63196364carn,190,
E1,n_Il,8.13,8.13,Carnegie Institution of Washington Year Book 63,1,E1,93,yearbookcarne63196364carn,190,
E1,n_Mt,3.94,3.94,Carnegie Institution of Washington Year Book 63,1,E1,93,yearbookcarne63196364carn,190,
E1,n_Ap,0.34,0.34,Carnegie Institution of Washington Year Book 63,1,E1,93,yearbookcarne63196364carn,190,
E1,n_Rest,0.27,0.27,Carnegie Institution of Washington Year Book 63,1,E1,93,yearbookcarne63196364carn,190,
E1,n_total,100.37,100.37,Carnegie Institution of Washington Year Book 63,1,E1,93,yearbookcarne63196364carn,190,
E2,SiO2,47.70,47.70,Carnegie Institution of Washington Year Book 63,1,E2,93,yearbookcarne63196364carn,190,
E2,Al2O3,13.67,13.67,Carnegie Institution of Washington Year Book 63,1,E2,93,yearbookcarne63196364carn,190,
E2,Fe2O3,2.09,2.09,Carnegie Institution of Washington Year Book 63,1,E2,93,yearbookcarne63196364carn,190,
E2,FeO,12.97,12.97,Carnegie Institution of Washington Year Book 63,1,E2,93,yearbookcarne63196364carn,190,
E2,MnO,0.10,0.10,Carnegie Institution of Washington Year Book 63,1,E2,93,yearbookcarne63196364carn,190,
E2,MgO,5.14,5.14,Carnegie Institution of Washington Year Book 63,1,E2,93,yearbookcarne63196364carn,190,
E2,CaO,9.72,9.72,Carnegie Institution of Washington Year Book 63,1,E2,93,yearbookcarne63196364carn,190,
E2,Na2O,3.36,3.36,Carnegie Institution of Washington Year Book 63,1,E2,93,yearbookcarne63196364carn,190,
E2,K2O,1.05,1.05,Carnegie Institution of Washington Year Book 63,1,E2,93,yearbookcarne63196364carn,190,
E2,H2O+,0.12,0.12,Carnegie Institution of Washington Year Book 63,1,E2,93,yearbookcarne63196364carn,190,
E2,H2O-,0.13,0.13,Carnegie Institution of Washington Year Book 63,1,E2,93,yearbookcarne63196364carn,190,
E2,TiO2,4.19,4.19,Carnegie Institution of Washington Year Book 63,1,E2,93,yearbookcarne63196364carn,190,
E2,P2O5,0.20,0.20,Carnegie Institution of Washington Year Book 63,1,E2,93,yearbookcarne63196364carn,190,
E2,Cr2O3,...,,Carnegie Institution of Washington Year Book 63,1,E2,93,yearbookcarne63196364carn,190,
E2,S,...,,Carnegie Institution of Washington Year Book 63,1,E2,93,yearbookcarne63196364carn,190,
E2,F,...,,Carnegie Institution of Washington Year Book 63,1,E2,93,yearbookcarne63196364carn,190,
E2,total,100.44,100.44,Carnegie Institution of Washington Year Book 63,1,E2,93,yearbookcarne63196364carn,190,
E2,n_Qz,...,,Carnegie Institution of Washington Year Book 63,1,E2,93,yearbookcarne63196364carn,190,
E2,n_Or,6.12,6.12,Carnegie Institution of Washington Year Book 63,1,E2,93,yearbookcarne63196364carn,190,
E2,n_Ab,27.25,27.25,Carnegie Institution of Washington Year Book 63,1,E2,93,yearbookcarne63196364carn,190,
E2,n_Ne,0.57,0.57,Carnegie Institution of Washington Year Book 63,1,E2,93,yearbookcarne63196364carn,190,
E2,n_An,19.18,19.18,Carnegie Institution of Washington Year Book 63,1,E2,93,yearbookcarne63196364carn,190,
E2,n_Di,23.56,23.56,Carnegie Institution of Washington Year Book 63,1,E2,93,yearbookcarne63196364carn,190,
E2,n_Hy,...,,Carnegie Institution of Washington Year Book 63,1,E2,93,yearbookcarne63196364carn,190,
E2,n_Ol,12.12,12.12,Carnegie Institution of Washington Year Book 63,1,E2,93,yearbookcarne63196364carn,190,
E2,n_Il,7.90,7.90,Carnegie Institution of Washington Year Book 63,1,E2,93,yearbookcarne63196364carn,190,
E2,n_Mt,3.02,3.02,Carnegie Institution of Washington Year Book 63,1,E2,93,yearbookcarne63196364carn,190,
E2,n_Ap,0.34,0.34,Carnegie Institution of Washington Year Book 63,1,E2,93,yearbookcarne63196364carn,190,
E2,n_Rest,0.25,0.25,Carnegie Institution of Washington Year Book 63,1,E2,93,yearbookcarne63196364carn,190,
E2,n_total,100.31,100.31,Carnegie Institution of Washington Year Book 63,1,E2,93,yearbookcarne63196364carn,190,
