no,printed_column,column,printed_row,printed,value,page,note
1,1,SiO2,SiO2,52·30,52.30,361,
1,1,Al2O3,Al2O3,14·80,14.80,361,
1,1,Fe2O3,Fe2O3,3·12,3.12,361,
1,1,FeO,FeO,7·30,7.30,361,
1,1,MnO,MnO,0·05,0.05,361,
1,1,MgO,MgO,6·72,6.72,361,
1,1,CaO,CaO,7·98,7.98,361,
1,1,Na2O,Na2O,3·78,3.78,361,
1,1,K2O,K2O,0·60,0.60,361,
1,1,H2O+,H2O+,0·64,0.64,361,
1,1,H2O-,H2O-,0·23,0.23,361,
1,1,P2O5,P2O5,0·66,0.66,361,
1,1,TiO2,TiO2,1·68,1.68,361,
1,1,Cr2O3,Cr2O3,n.d.,,361,
1,1,SrO,SrO,n.d.,,361,
1,1,NiO,NiO,n.d.,,361,
1,1,CO2,CO2,n.d.,,361,
1,1,SO3,SO3,n.d.,,361,
1,1,total,TOTAL,99·86,99.86,361,
1,1,n_Qz,Qz,2·16,2.16,361,
1,1,n_Or,Or,3·34,3.34,361,
1,1,n_Ab,Ab,31·96,31.96,361,
1,1,n_Ne,Ne,—,,361,
1,1,n_An,An,21·68,21.68,361,
1,1,n_Di,Di,11·14,11.14,361,
1,1,n_Hy,Hy,19·22,19.22,361,
1,1,n_Ol,Ol,—,,361,
1,1,n_Mt,Mt,4·41,4.41,361,
1,1,n_Il,Il,3·19,3.19,361,
1,1,n_Ap,Ap,1·68,1.68,361,
1,1,n_Ct,Ct,—,,361,
1,1,n_Cs,Cs,—,,361,
1,1,n_Ks,Ks,—,,361,
1,1,n_Rest,Rest,0·87,0.87,361,"""Rest"" row of the printed norm"
1,1,n_total,TOTAL,99·65,99.65,361,
2,2,SiO2,SiO2,54·31,54.31,361,
2,2,Al2O3,Al2O3,13·53,13.53,361,
2,2,Fe2O3,Fe2O3,3·05,3.05,361,
2,2,FeO,FeO,7·16,7.16,361,
2,2,MnO,MnO,0·26,0.26,361,
2,2,MgO,MgO,7·26,7.26,361,
2,2,CaO,CaO,9·65,9.65,361,
2,2,Na2O,Na2O,2·33,2.33,361,
2,2,K2O,K2O,0·49,0.49,361,
2,2,H2O+,H2O+,0·08,0.08,361,
2,2,H2O-,H2O-,0·20,0.20,361,
2,2,P2O5,P2O5,0·02,0.02,361,
2,2,TiO2,TiO2,1·84,1.84,361,
2,2,Cr2O3,Cr2O3,n.d.,,361,
2,2,SrO,SrO,0·11,0.11,361,
2,2,NiO,NiO,n.d.,,361,
2,2,CO2,CO2,n.d.,,361,
2,2,SO3,SO3,n.d.,,361,
2,2,total,TOTAL,100·29,100.29,361,
2,2,n_Qz,Qz,8·82,8.82,361,
2,2,n_Or,Or,2·78,2.78,361,
2,2,n_Ab,Ab,19·39,19.39,361,
2,2,n_Ne,Ne,—,,361,
2,2,n_An,An,25·02,25.02,361,
2,2,n_Di,Di,19·02,19.02,361,
2,2,n_Hy,Hy,16·87,16.87,361,
2,2,n_Ol,Ol,—,,361,
2,2,n_Mt,Mt,4·41,4.41,361,
2,2,n_Il,Il,3·50,3.50,361,
2,2,n_Ap,Ap,—,,361,
2,2,n_Ct,Ct,—,,361,
2,2,n_Cs,Cs,—,,361,
2,2,n_Ks,Ks,—,,361,
2,2,n_Rest,Rest,0·28,0.28,361,"""Rest"" row of the printed norm"
2,2,n_total,TOTAL,100·09,100.09,361,
3,3*,SiO2,SiO2,54·26,54.26,361,
3,3*,Al2O3,Al2O3,13·98,13.98,361,
3,3*,Fe2O3,Fe2O3,3·19,3.19,361,
3,3*,FeO,FeO,7·31,7.31,361,
3,3*,MnO,MnO,0·14,0.14,361,
3,3*,MgO,MgO,6·91,6.91,361,
3,3*,CaO,CaO,8·30,8.30,361,
3,3*,Na2O,Na2O,2·99,2.99,361,
3,3*,K2O,K2O,0·49,0.49,361,
3,3*,H2O+,H2O+,0·38,0.38,361,
3,3*,H2O-,H2O-,0·37,0.37,361,
3,3*,P2O5,P2O5,0·28,0.28,361,
3,3*,TiO2,TiO2,1·79,1.79,361,
3,3*,Cr2O3,Cr2O3,n.d.,,361,
3,3*,SrO,SrO,n.d.,,361,
3,3*,NiO,NiO,n.d.,,361,
3,3*,CO2,CO2,n.d.,,361,
3,3*,SO3,SO3,n.d.,,361,
3,3*,total,TOTAL,100·39,100.39,361,
3,3*,n_Qz,Qz,7·56,7.56,361,
3,3*,n_Or,Or,2·78,2.78,361,
3,3*,n_Ab,Ab,25·15,25.15,361,
3,3*,n_Ne,Ne,—,,361,
3,3*,n_An,An,23·35,23.35,361,
3,3*,n_Di,Di,12·79,12.79,361,
3,3*,n_Hy,Hy,19·30,19.30,361,
3,3*,n_Ol,Ol,—,,361,
3,3*,n_Mt,Mt,4·64,4.64,361,
3,3*,n_Il,Il,3·34,3.34,361,
3,3*,n_Ap,Ap,0·67,0.67,361,
3,3*,n_Ct,Ct,—,,361,
3,3*,n_Cs,Cs,—,,361,
3,3*,n_Ks,Ks,—,,361,
3,3*,n_Rest,Rest,0·75,0.75,361,"""Rest"" row of the printed norm"
3,3*,n_total,TOTAL,100·33,100.33,361,
4,4,SiO2,SiO2,51·90,51.90,361,
4,4,Al2O3,Al2O3,11·69,11.69,361,
4,4,Fe2O3,Fe2O3,2·24,2.24,361,
4,4,FeO,FeO,8·84,8.84,361,
4,4,MnO,MnO,0·11,0.11,361,
4,4,MgO,MgO,7·37,7.37,361,
4,4,CaO,CaO,9·87,9.87,361,
4,4,Na2O,Na2O,2·07,2.07,361,
4,4,K2O,K2O,0·41,0.41,361,
4,4,H2O+,H2O+,0·31,0.31,361,
4,4,H2O-,H2O-,0·04,0.04,361,
4,4,P2O5,P2O5,0·28,0.28,361,
4,4,TiO2,TiO2,4·89,4.89,361,
4,4,Cr2O3,Cr2O3,n.d.,,361,
4,4,SrO,SrO,n.d.,,361,
4,4,NiO,NiO,n.d.,,361,
4,4,CO2,CO2,n.d.,,361,
4,4,SO3,SO3,n.d.,,361,
4,4,total,TOTAL,100·02,100.02,361,
4,4,n_Qz,Qz,9·66,9.66,361,
4,4,n_Or,Or,2·22,2.22,361,
4,4,n_Ab,Ab,17·29,17.29,361,
4,4,n_Ne,Ne,—,,361,
4,4,n_An,An,21·68,21.68,361,
4,4,n_Di,Di,20·51,20.51,361,
4,4,n_Hy,Hy,15·16,15.16,361,
4,4,n_Ol,Ol,—,,361,
4,4,n_Mt,Mt,3·25,3.25,361,
4,4,n_Il,Il,9·27,9.27,361,
4,4,n_Ap,Ap,0·67,0.67,361,
4,4,n_Ct,Ct,—,,361,
4,4,n_Cs,Cs,—,,361,
4,4,n_Ks,Ks,—,,361,
4,4,n_Rest,Rest,0·35,0.35,361,"""Rest"" row of the printed norm"
4,4,n_total,TOTAL,100·06,100.06,361,
5,5*,SiO2,SiO2,51·77,51.77,361,
5,5*,Al2O3,Al2O3,13·78,13.78,361,
5,5*,Fe2O3,Fe2O3,2·04,2.04,361,
5,5*,FeO,FeO,9·13,9.13,361,
5,5*,MnO,MnO,0·16,0.16,361,
5,5*,MgO,MgO,8·58,8.58,361,
5,5*,CaO,CaO,10·12,10.12,361,
5,5*,Na2O,Na2O,2·36,2.36,361,
5,5*,K2O,K2O,0·39,0.39,361,
5,5*,H2O+,H2O+,0·07,0.07,361,
5,5*,H2O-,H2O-,0·06,0.06,361,
5,5*,P2O5,P2O5,0·17,0.17,361,
5,5*,TiO2,TiO2,1·76,1.76,361,
5,5*,Cr2O3,Cr2O3,n.d.,,361,
5,5*,SrO,SrO,n.d.,,361,
5,5*,NiO,NiO,n.d.,,361,
5,5*,CO2,CO2,n.d.,,361,
5,5*,SO3,SO3,n.d.,,361,
5,5*,total,TOTAL,100·39,100.39,361,
5,5*,n_Qz,Qz,1·92,1.92,361,
5,5*,n_Or,Or,2·22,2.22,361,
5,5*,n_Ab,Ab,19·91,19.91,361,
5,5*,n_Ne,Ne,—,,361,
5,5*,n_An,An,25·85,25.85,361,
5,5*,n_Di,Di,19·19,19.19,361,
5,5*,n_Hy,Hy,24·47,24.47,361,
5,5*,n_Ol,Ol,—,,361,
5,5*,n_Mt,Mt,3·02,3.02,361,
5,5*,n_Il,Il,3·34,3.34,361,
5,5*,n_Ap,Ap,0·34,0.34,361,
5,5*,n_Ct,Ct,—,,361,
5,5*,n_Cs,Cs,—,,361,
5,5*,n_Ks,Ks,—,,361,
5,5*,n_Rest,Rest,0·13,0.13,361,"""Rest"" row of the printed norm"
5,5*,n_total,TOTAL,100·39,100.39,361,
6,6,SiO2,SiO2,51·35,51.35,361,
6,6,Al2O3,Al2O3,13·36,13.36,361,
6,6,Fe2O3,Fe2O3,1·32,1.32,361,
6,6,FeO,FeO,9·85,9.85,361,
6,6,MnO,MnO,0·07,0.07,361,
6,6,MgO,MgO,7·62,7.62,361,
6,6,CaO,CaO,10·74,10.74,361,
6,6,Na2O,Na2O,1·93,1.93,361,
6,6,K2O,K2O,0·50,0.50,361,
6,6,H2O+,H2O+,0·29,0.29,361,
6,6,H2O-,H2O-,0·00,0.00,361,
6,6,P2O5,P2O5,0·28,0.28,361,
6,6,TiO2,TiO2,2·50,2.50,361,
6,6,Cr2O3,Cr2O3,0·03,0.03,361,
6,6,SrO,SrO,n.d.,,361,
6,6,NiO,NiO,0·025,0.025,361,
6,6,CO2,CO2,n.d.,,361,
6,6,SO3,SO3,n.d.,,361,
6,6,total,TOTAL,99·86,99.86,361,printed total 99.86; the printed oxides (incl. NiO 0.025) sum to 99.865
6,6,n_Qz,Qz,4·26,4.26,361,
6,6,n_Or,Or,2·78,2.78,361,
6,6,n_Ab,Ab,16·24,16.24,361,
6,6,n_Ne,Ne,—,,361,
6,6,n_An,An,26·41,26.41,361,
6,6,n_Di,Di,20·65,20.65,361,
6,6,n_Hy,Hy,21·84,21.84,361,
6,6,n_Ol,Ol,—,,361,
6,6,n_Mt,Mt,1·86,1.86,361,
6,6,n_Il,Il,4·71,4.71,361,
6,6,n_Ap,Ap,0·67,0.67,361,
6,6,n_Ct,Ct,—,,361,
6,6,n_Cs,Cs,—,,361,
6,6,n_Ks,Ks,—,,361,
6,6,n_Rest,Rest,0·29,0.29,361,"""Rest"" row of the printed norm"
6,6,n_total,TOTAL,99·71,99.71,361,
7,7*,SiO2,SiO2,51·18,51.18,361,
7,7*,Al2O3,Al2O3,14·07,14.07,361,
7,7*,Fe2O3,Fe2O3,1·35,1.35,361,
7,7*,FeO,FeO,9·78,9.78,361,
7,7*,MnO,MnO,0·17,0.17,361,
7,7*,MgO,MgO,7·78,7.78,361,
7,7*,CaO,CaO,10·83,10.83,361,
7,7*,Na2O,Na2O,2·39,2.39,361,
7,7*,K2O,K2O,0·44,0.44,361,
7,7*,H2O+,H2O+,0·10,0.10,361,
7,7*,H2O-,H2O-,0·01,0.01,361,
7,7*,P2O5,P2O5,0·15,0.15,361,
7,7*,TiO2,TiO2,2·10,2.10,361,
7,7*,Cr2O3,Cr2O3,0·05,0.05,361,
7,7*,SrO,SrO,n.d.,,361,
7,7*,NiO,NiO,n.d.,,361,
7,7*,CO2,CO2,n.d.,,361,
7,7*,SO3,SO3,n.d.,,361,
7,7*,total,TOTAL,100·40,100.40,361,
7,7*,n_Qz,Qz,0·30,0.30,361,
7,7*,n_Or,Or,2·22,2.22,361,
7,7*,n_Ab,Ab,20·96,20.96,361,
7,7*,n_Ne,Ne,—,,361,
7,7*,n_An,An,26·13,26.13,361,
7,7*,n_Di,Di,22·04,22.04,361,
7,7*,n_Hy,Hy,22·44,22.44,361,
7,7*,n_Ol,Ol,—,,361,
7,7*,n_Mt,Mt,1·86,1.86,361,
7,7*,n_Il,Il,3·95,3.95,361,
7,7*,n_Ap,Ap,0·34,0.34,361,
7,7*,n_Ct,Ct,—,,361,
7,7*,n_Cs,Cs,—,,361,
7,7*,n_Ks,Ks,—,,361,
7,7*,n_Rest,Rest,0·11,0.11,361,"""Rest"" row of the printed norm"
7,7*,n_total,TOTAL,100·35,100.35,361,
7a,7a*,SiO2,SiO2,50·40,50.40,361,
7a,7a*,Al2O3,Al2O3,13·91,13.91,361,
7a,7a*,Fe2O3,Fe2O3,1·80,1.80,361,
7a,7a*,FeO,FeO,10·09,10.09,361,
7a,7a*,MnO,MnO,0·18,0.18,361,
7a,7a*,MgO,MgO,6·57,6.57,361,
7a,7a*,CaO,CaO,10·65,10.65,361,
7a,7a*,Na2O,Na2O,2·52,2.52,361,
7a,7a*,K2O,K2O,0·69,0.69,361,
7a,7a*,H2O+,H2O+,0·04,0.04,361,
7a,7a*,H2O-,H2O-,nil,0,361,"printed ""nil""; entered as 0"
7a,7a*,P2O5,P2O5,0·30,0.30,361,
7a,7a*,TiO2,TiO2,3·26,3.26,361,
7a,7a*,Cr2O3,Cr2O3,0·04,0.04,361,
7a,7a*,SrO,SrO,n.d.,,361,
7a,7a*,NiO,NiO,n.d.,,361,
7a,7a*,CO2,CO2,n.d.,,361,
7a,7a*,SO3,SO3,n.d.,,361,
7a,7a*,total,TOTAL,100·45,100.45,361,
7a,7a*,n_Qz,Qz,1·80,1.80,361,
7a,7a*,n_Or,Or,3·89,3.89,361,
7a,7a*,n_Ab,Ab,20·96,20.96,361,
7a,7a*,n_Ne,Ne,—,,361,
7a,7a*,n_An,An,24·74,24.74,361,
7a,7a*,n_Di,Di,21·61,21.61,361,
7a,7a*,n_Hy,Hy,17·82,17.82,361,
7a,7a*,n_Ol,Ol,—,,361,
7a,7a*,n_Mt,Mt,2·55,2.55,361,
7a,7a*,n_Il,Il,6·08,6.08,361,
7a,7a*,n_Ap,Ap,0·67,0.67,361,
7a,7a*,n_Ct,Ct,—,,361,
7a,7a*,n_Cs,Cs,—,,361,
7a,7a*,n_Ks,Ks,—,,361,
7a,7a*,n_Rest,Rest,0·08,0.08,361,"""Rest"" row of the printed norm"
7a,7a*,n_total,TOTAL,100·20,100.20,361,
8,8,SiO2,SiO2,50·85,50.85,361,
8,8,Al2O3,Al2O3,15·30,15.30,361,
8,8,Fe2O3,Fe2O3,0·28,0.28,361,
8,8,FeO,FeO,10·42,10.42,361,
8,8,MnO,MnO,0·10,0.10,361,
8,8,MgO,MgO,7·80,7.80,361,
8,8,CaO,CaO,11·45,11.45,361,
8,8,Na2O,Na2O,0·70,0.70,361,
8,8,K2O,K2O,0·58,0.58,361,
8,8,H2O+,H2O+,0·18,0.18,361,
8,8,H2O-,H2O-,tr.,0,361,"printed ""tr.""; entered as 0"
8,8,P2O5,P2O5,0·22,0.22,361,
8,8,TiO2,TiO2,1·55,1.55,361,
8,8,Cr2O3,Cr2O3,0·05,0.05,361,
8,8,SrO,SrO,n.d.,,361,
8,8,NiO,NiO,0·002,0.002,361,
8,8,CO2,CO2,n.d.,,361,
8,8,SO3,SO3,n.d.,,361,
8,8,total,TOTAL,99·48,99.48,361,
8,8,n_Qz,Qz,5·40,5.40,361,
8,8,n_Or,Or,3·34,3.34,361,
8,8,n_Ab,Ab,5·76,5.76,361,
8,8,n_Ne,Ne,—,,361,
8,8,n_An,An,36·97,36.97,361,
8,8,n_Di,Di,15·98,15.98,361,
8,8,n_Hy,Hy,28·00,28.00,361,
8,8,n_Ol,Ol,—,,361,
8,8,n_Mt,Mt,0·46,0.46,361,
8,8,n_Il,Il,2·89,2.89,361,
8,8,n_Ap,Ap,0·34,0.34,361,
8,8,n_Ct,Ct,—,,361,
8,8,n_Cs,Cs,—,,361,
8,8,n_Ks,Ks,—,,361,
8,8,n_Rest,Rest,0·18,0.18,361,"""Rest"" row of the printed norm"
8,8,n_total,TOTAL,99·32,99.32,361,
9,9,SiO2,SiO2,50·04,50.04,361,
9,9,Al2O3,Al2O3,13·68,13.68,361,
9,9,Fe2O3,Fe2O3,2·29,2.29,361,
9,9,FeO,FeO,9·05,9.05,361,
9,9,MnO,MnO,0·17,0.17,361,
9,9,MgO,MgO,7·61,7.61,361,
9,9,CaO,CaO,11·38,11.38,361,
9,9,Na2O,Na2O,2·24,2.24,361,
9,9,K2O,K2O,0·57,0.57,361,
9,9,H2O+,H2O+,0·00,0.00,361,
9,9,H2O-,H2O-,0·02,0.02,361,
9,9,P2O5,P2O5,0·27,0.27,361,
9,9,TiO2,TiO2,2·76,2.76,361,
9,9,Cr2O3,Cr2O3,n.d.,,361,
9,9,SrO,SrO,n.d.,,361,
9,9,NiO,NiO,n.d.,,361,
9,9,CO2,CO2,0·06,0.06,361,
9,9,SO3,SO3,n.d.,,361,
9,9,total,TOTAL,100·14,100.14,361,
9,9,n_Qz,Qz,1·47,1.47,361,
9,9,n_Or,Or,3·34,3.34,361,
9,9,n_Ab,Ab,18·92,18.92,361,
9,9,n_Ne,Ne,—,,361,
9,9,n_An,An,25·58,25.58,361,
9,9,n_Di,Di,23·41,23.41,361,
9,9,n_Hy,Hy,18·12,18.12,361,
9,9,n_Ol,Ol,—,,361,
9,9,n_Mt,Mt,3·31,3.31,361,
9,9,n_Il,Il,5·24,5.24,361,
9,9,n_Ap,Ap,0·64,0.64,361,
9,9,n_Ct,Ct,0·14,0.14,361,
9,9,n_Cs,Cs,—,,361,
9,9,n_Ks,Ks,—,,361,
9,9,n_Rest,Rest,0·02,0.02,361,"""Rest"" row of the printed norm"
9,9,n_total,TOTAL,100·19,100.19,361,
10,10,SiO2,SiO2,50·04,50.04,361,
10,10,Al2O3,Al2O3,14·02,14.02,361,
10,10,Fe2O3,Fe2O3,1·72,1.72,361,
10,10,FeO,FeO,9·45,9.45,361,
10,10,MnO,MnO,0·17,0.17,361,
10,10,MgO,MgO,6·93,6.93,361,
10,10,CaO,CaO,11·54,11.54,361,
10,10,Na2O,Na2O,2·42,2.42,361,
10,10,K2O,K2O,0·57,0.57,361,
10,10,H2O+,H2O+,0·10,0.10,361,
10,10,H2O-,H2O-,nil,0,361,"printed ""nil""; entered as 0"
10,10,P2O5,P2O5,0·26,0.26,361,
10,10,TiO2,TiO2,3·02,3.02,361,
10,10,Cr2O3,Cr2O3,n.d.,,361,
10,10,SrO,SrO,n.d.,,361,
10,10,NiO,NiO,n.d.,,361,
10,10,CO2,CO2,n.d.,,361,
10,10,SO3,SO3,n.d.,,361,
10,10,total,TOTAL,100·24,100.24,361,
10,10,n_Qz,Qz,0·87,0.87,361,
10,10,n_Or,Or,3·34,3.34,361,
10,10,n_Ab,Ab,20·44,20.44,361,
10,10,n_Ne,Ne,—,,361,
10,10,n_An,An,25·58,25.58,361,
10,10,n_Di,Di,24·46,24.46,361,
10,10,n_Hy,Hy,16·52,16.52,361,
10,10,n_Ol,Ol,—,,361,
10,10,n_Mt,Mt,5·78,5.78,361,value kept as printed; the printed Mt and Il appear transposed (Fe2O3 and TiO2 of the analysis fix Mt and Il stoichiometrically); compared crosswise in tests/test_published.py
10,10,n_Il,Il,2·55,2.55,361,value kept as printed; the printed Mt and Il appear transposed (Fe2O3 and TiO2 of the analysis fix Mt and Il stoichiometrically); compared crosswise in tests/test_published.py
10,10,n_Ap,Ap,0·67,0.67,361,
10,10,n_Ct,Ct,—,,361,
10,10,n_Cs,Cs,—,,361,
10,10,n_Ks,Ks,—,,361,
10,10,n_Rest,Rest,0·10,0.10,361,"""Rest"" row of the printed norm"
10,10,n_total,TOTAL,100·31,100.31,361,
11,11,SiO2,SiO2,50·07,50.07,361,
11,11,Al2O3,Al2O3,13·70,13.70,361,
11,11,Fe2O3,Fe2O3,1·54,1.54,361,
11,11,FeO,FeO,9·80,9.80,361,
11,11,MnO,MnO,0·17,0.17,361,
11,11,MgO,MgO,7·10,7.10,361,
11,11,CaO,CaO,11·59,11.59,361,
11,11,Na2O,Na2O,2·39,2.39,361,
11,11,K2O,K2O,0·56,0.56,361,
11,11,H2O+,H2O+,0·05,0.05,361,
11,11,H2O-,H2O-,nil,0,361,"printed ""nil""; entered as 0"
11,11,P2O5,P2O5,0·27,0.27,361,
11,11,TiO2,TiO2,2·96,2.96,361,
11,11,Cr2O3,Cr2O3,n.d.,,361,
11,11,SrO,SrO,n.d.,,361,
11,11,NiO,NiO,n.d.,,361,
11,11,CO2,CO2,n.d.,,361,
11,11,SO3,SO3,n.d.,,361,
11,11,total,TOTAL,100·20,100.20,361,
11,11,n_Qz,Qz,0·33,0.33,361,
11,11,n_Or,Or,3·34,3.34,361,
11,11,n_Ab,Ab,20·44,20.44,361,
11,11,n_Ne,Ne,—,,361,
11,11,n_An,An,24·74,24.74,361,
11,11,n_Di,Di,25·41,25.41,361,
11,11,n_Hy,Hy,17·41,17.41,361,
11,11,n_Ol,Ol,—,,361,
11,11,n_Mt,Mt,5·62,5.62,361,value kept as printed; the printed Mt and Il appear transposed (Fe2O3 and TiO2 of the analysis fix Mt and Il stoichiometrically); compared crosswise in tests/test_published.py
11,11,n_Il,Il,2·21,2.21,361,value kept as printed; the printed Mt and Il appear transposed (Fe2O3 and TiO2 of the analysis fix Mt and Il stoichiometrically); compared crosswise in tests/test_published.py
11,11,n_Ap,Ap,0·67,0.67,361,
11,11,n_Ct,Ct,—,,361,
11,11,n_Cs,Cs,—,,361,
11,11,n_Ks,Ks,—,,361,
11,11,n_Rest,Rest,0·05,0.05,361,"""Rest"" row of the printed norm"
11,11,n_total,TOTAL,100·22,100.22,361,
12,12,SiO2,SiO2,49·43,49.43,362,
12,12,Al2O3,Al2O3,12·92,12.92,362,
12,12,Fe2O3,Fe2O3,3·14,3.14,362,
12,12,FeO,FeO,8·34,8.34,362,
12,12,MnO,MnO,0·18,0.18,362,
12,12,MgO,MgO,9·24,9.24,362,
12,12,CaO,CaO,11·02,11.02,362,
12,12,Na2O,Na2O,2·22,2.22,362,
12,12,K2O,K2O,0·52,0.52,362,
12,12,H2O+,H2O+,0·17,0.17,362,
12,12,H2O-,H2O-,0·01,0.01,362,
12,12,P2O5,P2O5,0·26,0.26,362,
12,12,TiO2,TiO2,2·85,2.85,362,
12,12,Cr2O3,Cr2O3,n.d.,,362,
12,12,SrO,SrO,n.d.,,362,
12,12,NiO,NiO,n.d.,,362,
12,12,CO2,CO2,n.d.,,362,
12,12,SO3,SO3,n.d.,,362,
12,12,total,TOTAL,100·30,100.30,362,
12,12,n_Qz,Qz,0·69,0.69,362,
12,12,n_Or,Or,3·06,3.06,362,
12,12,n_Ab,Ab,18·34,18.34,362,
12,12,n_Ne,Ne,—,,362,
12,12,n_An,An,23·77,23.77,362,
12,12,n_Di,Di,23·27,23.27,362,
12,12,n_Hy,Hy,20·26,20.26,362,
12,12,n_Ol,Ol,—,,362,
12,12,n_Mt,Mt,5·39,5.39,362,value kept as printed; the printed Mt and Il appear transposed (Fe2O3 and TiO2 of the analysis fix Mt and Il stoichiometrically); compared crosswise in tests/test_published.py
12,12,n_Il,Il,4·53,4.53,362,value kept as printed; the printed Mt and Il appear transposed (Fe2O3 and TiO2 of the analysis fix Mt and Il stoichiometrically); compared crosswise in tests/test_published.py
12,12,n_Ap,Ap,0·67,0.67,362,
12,12,n_Ct,Ct,—,,362,
12,12,n_Cs,Cs,—,,362,
12,12,n_Ks,Ks,—,,362,
12,12,n_Rest,Rest,0·18,0.18,362,"""Rest"" row of the printed norm"
12,12,n_total,TOTAL,100·16,100.16,362,
13,13,SiO2,SiO2,49·49,49.49,362,
13,13,Al2O3,Al2O3,13·14,13.14,362,
13,13,Fe2O3,Fe2O3,1·49,1.49,362,
13,13,FeO,FeO,9·83,9.83,362,
13,13,MnO,MnO,0·17,0.17,362,
13,13,MgO,MgO,8·96,8.96,362,
13,13,CaO,CaO,11·19,11.19,362,
13,13,Na2O,Na2O,2·24,2.24,362,
13,13,K2O,K2O,0·52,0.52,362,
13,13,H2O+,H2O+,0·09,0.09,362,
13,13,H2O-,H2O-,0·01,0.01,362,
13,13,P2O5,P2O5,0·26,0.26,362,
13,13,TiO2,TiO2,2·78,2.78,362,
13,13,Cr2O3,Cr2O3,n.d.,,362,
13,13,SrO,SrO,n.d.,,362,
13,13,NiO,NiO,n.d.,,362,
13,13,CO2,CO2,n.d.,,362,
13,13,SO3,SO3,n.d.,,362,
13,13,total,TOTAL,100·17,100.17,362,
13,13,n_Qz,Qz,—,,362,
13,13,n_Or,Or,3·06,3.06,362,
13,13,n_Ab,Ab,18·86,18.86,362,
13,13,n_Ne,Ne,—,,362,
13,13,n_An,An,24·19,24.19,362,
13,13,n_Di,Di,24·13,24.13,362,
13,13,n_Hy,Hy,17·97,17.97,362,
13,13,n_Ol,Ol,3·81,3.81,362,
13,13,n_Mt,Mt,5·32,5.32,362,value kept as printed; the printed Mt and Il appear transposed (Fe2O3 and TiO2 of the analysis fix Mt and Il stoichiometrically); compared crosswise in tests/test_published.py
13,13,n_Il,Il,2·09,2.09,362,value kept as printed; the printed Mt and Il appear transposed (Fe2O3 and TiO2 of the analysis fix Mt and Il stoichiometrically); compared crosswise in tests/test_published.py
13,13,n_Ap,Ap,0·67,0.67,362,
13,13,n_Ct,Ct,—,,362,
13,13,n_Cs,Cs,—,,362,
13,13,n_Ks,Ks,—,,362,
13,13,n_Rest,Rest,0·10,0.10,362,"""Rest"" row of the printed norm"
13,13,n_total,TOTAL,100·20,100.20,362,
14,14*,SiO2,SiO2,49·16,49.16,362,
14,14*,Al2O3,Al2O3,13·33,13.33,362,
14,14*,Fe2O3,Fe2O3,1·31,1.31,362,
14,14*,FeO,FeO,9·71,9.71,362,
14,14*,MnO,MnO,0·16,0.16,362,
14,14*,MgO,MgO,10·41,10.41,362,
14,14*,CaO,CaO,10·93,10.93,362,
14,14*,Na2O,Na2O,2·15,2.15,362,
14,14*,K2O,K2O,0·51,0.51,362,
14,14*,H2O+,H2O+,0·04,0.04,362,
14,14*,H2O-,H2O-,0·05,0.05,362,
14,14*,P2O5,P2O5,0·16,0.16,362,
14,14*,TiO2,TiO2,2·29,2.29,362,
14,14*,Cr2O3,Cr2O3,0·09,0.09,362,
14,14*,SrO,SrO,n.d.,,362,
14,14*,NiO,NiO,n.d.,,362,
14,14*,CO2,CO2,n.d.,,362,
14,14*,SO3,SO3,n.d.,,362,
14,14*,total,TOTAL,100·30,100.30,362,
14,14*,n_Qz,Qz,—,,362,
14,14*,n_Or,Or,2·78,2.78,362,
14,14*,n_Ab,Ab,17·82,17.82,362,
14,14*,n_Ne,Ne,—,,362,
14,14*,n_An,An,25·30,25.30,362,
14,14*,n_Di,Di,22·93,22.93,362,
14,14*,n_Hy,Hy,15·35,15.35,362,
14,14*,n_Ol,Ol,9·14,9.14,362,
14,14*,n_Mt,Mt,2·09,2.09,362,
14,14*,n_Il,Il,4·41,4.41,362,
14,14*,n_Ap,Ap,0·34,0.34,362,
14,14*,n_Ct,Ct,—,,362,
14,14*,n_Cs,Cs,—,,362,
14,14*,n_Ks,Ks,—,,362,
14,14*,n_Rest,Rest,0·09,0.09,362,"""Rest"" row of the printed norm"
14,14*,n_total,TOTAL,100·25,100.25,362,
15,15,SiO2,SiO2,48·50,48.50,362,
15,15,Al2O3,Al2O3,18·22,18.22,362,
15,15,Fe2O3,Fe2O3,0·26,0.26,362,
15,15,FeO,FeO,8·69,8.69,362,
15,15,MnO,MnO,0·15,0.15,362,
15,15,MgO,MgO,8·97,8.97,362,
15,15,CaO,CaO,11·58,11.58,362,
15,15,Na2O,Na2O,2·24,2.24,362,
15,15,K2O,K2O,0·09,0.09,362,
15,15,H2O+,H2O+,0·12,0.12,362,
15,15,H2O-,H2O-,0·18,0.18,362,
15,15,P2O5,P2O5,tr.,0,362,"printed ""tr.""; entered as 0"
15,15,TiO2,TiO2,0·81,0.81,362,
15,15,Cr2O3,Cr2O3,n.d.,,362,
15,15,SrO,SrO,n.d.,,362,
15,15,NiO,NiO,n.d.,,362,
15,15,CO2,CO2,n.d.,,362,
15,15,SO3,SO3,n.d.,,362,
15,15,total,TOTAL,99·81,99.81,362,
15,15,n_Qz,Qz,—,,362,
15,15,n_Or,Or,0·56,0.56,362,
15,15,n_Ab,Ab,18·34,18.34,362,
15,15,n_Ne,Ne,—,,362,
15,15,n_An,An,39·48,39.48,362,
15,15,n_Di,Di,14·74,14.74,362,
15,15,n_Hy,Hy,9·63,9.63,362,
15,15,n_Ol,Ol,14·66,14.66,362,
15,15,n_Mt,Mt,0·46,0.46,362,
15,15,n_Il,Il,1·52,1.52,362,
15,15,n_Ap,Ap,—,,362,
15,15,n_Ct,Ct,—,,362,
15,15,n_Cs,Cs,—,,362,
15,15,n_Ks,Ks,—,,362,
15,15,n_Rest,Rest,0·30,0.30,362,"""Rest"" row of the printed norm"
15,15,n_total,TOTAL,99·69,99.69,362,
16,16*,SiO2,SiO2,48·27,48.27,362,
16,16*,Al2O3,Al2O3,18·28,18.28,362,
16,16*,Fe2O3,Fe2O3,1·04,1.04,362,
16,16*,FeO,FeO,8·31,8.31,362,
16,16*,MnO,MnO,0·17,0.17,362,
16,16*,MgO,MgO,8·96,8.96,362,
16,16*,CaO,CaO,11·32,11.32,362,
16,16*,Na2O,Na2O,2·80,2.80,362,
16,16*,K2O,K2O,0·14,0.14,362,
16,16*,H2O+,H2O+,0·15,0.15,362,
16,16*,H2O-,H2O-,0·07,0.07,362,
16,16*,P2O5,P2O5,0·07,0.07,362,
16,16*,TiO2,TiO2,0·89,0.89,362,
16,16*,Cr2O3,Cr2O3,n.d.,,362,
16,16*,SrO,SrO,n.d.,,362,
16,16*,NiO,NiO,n.d.,,362,
16,16*,CO2,CO2,n.d.,,362,
16,16*,SO3,SO3,n.d.,,362,
16,16*,total,TOTAL,100·47,100.47,362,
16,16*,n_Qz,Qz,—,,362,
16,16*,n_Or,Or,0·56,0.56,362,
16,16*,n_Ab,Ab,23·58,23.58,362,
16,16*,n_Ne,Ne,—,,362,
16,16*,n_An,An,36·97,36.97,362,
16,16*,n_Di,Di,15·23,15.23,362,
16,16*,n_Hy,Hy,—,,362,
16,16*,n_Ol,Ol,20·55,20.55,362,
16,16*,n_Mt,Mt,1·39,1.39,362,
16,16*,n_Il,Il,1·67,1.67,362,
16,16*,n_Ap,Ap,0·17,0.17,362,
16,16*,n_Ct,Ct,—,,362,
16,16*,n_Cs,Cs,—,,362,
16,16*,n_Ks,Ks,—,,362,
16,16*,n_Rest,Rest,0·22,0.22,362,"""Rest"" row of the printed norm"
16,16*,n_total,TOTAL,100·34,100.34,362,
17,17,SiO2,SiO2,47·77,47.77,362,
17,17,Al2O3,Al2O3,18·52,18.52,362,
17,17,Fe2O3,Fe2O3,1·49,1.49,362,
17,17,FeO,FeO,7·31,7.31,362,
17,17,MnO,MnO,0·14,0.14,362,
17,17,MgO,MgO,9·88,9.88,362,
17,17,CaO,CaO,11·32,11.32,362,
17,17,Na2O,Na2O,2·55,2.55,362,
17,17,K2O,K2O,0·12,0.12,362,
17,17,H2O+,H2O+,0·31,0.31,362,
17,17,H2O-,H2O-,0·11,0.11,362,
17,17,P2O5,P2O5,0·07,0.07,362,
17,17,TiO2,TiO2,0·71,0.71,362,
17,17,Cr2O3,Cr2O3,n.d.,,362,
17,17,SrO,SrO,n.d.,,362,
17,17,NiO,NiO,n.d.,,362,
17,17,CO2,CO2,n.d.,,362,
17,17,SO3,SO3,n.d.,,362,
17,17,total,TOTAL,100·30,100.30,362,
17,17,n_Qz,Qz,—,,362,
17,17,n_Or,Or,0·56,0.56,362,
17,17,n_Ab,Ab,21·48,21.48,362,
17,17,n_Ne,Ne,—,,362,
17,17,n_An,An,38·64,38.64,362,
17,17,n_Di,Di,13·79,13.79,362,
17,17,n_Hy,Hy,1·68,1.68,362,
17,17,n_Ol,Ol,19·93,19.93,362,
17,17,n_Mt,Mt,2·09,2.09,362,
17,17,n_Il,Il,1·37,1.37,362,
17,17,n_Ap,Ap,0·17,0.17,362,
17,17,n_Ct,Ct,—,,362,
17,17,n_Cs,Cs,—,,362,
17,17,n_Ks,Ks,—,,362,
17,17,n_Rest,Rest,0·42,0.42,362,"""Rest"" row of the printed norm"
17,17,n_total,TOTAL,100·13,100.13,362,
18,18,SiO2,SiO2,46·43,46.43,362,
18,18,Al2O3,Al2O3,10·91,10.91,362,
18,18,Fe2O3,Fe2O3,3·15,3.15,362,
18,18,FeO,FeO,10·26,10.26,362,
18,18,MnO,MnO,0·09,0.09,362,
18,18,MgO,MgO,11·08,11.08,362,
18,18,CaO,CaO,10·09,10.09,362,
18,18,Na2O,Na2O,3·16,3.16,362,
18,18,K2O,K2O,0·54,0.54,362,
18,18,H2O+,H2O+,0·66,0.66,362,
18,18,H2O-,H2O-,0·15,0.15,362,
18,18,P2O5,P2O5,0·67,0.67,362,
18,18,TiO2,TiO2,2·59,2.59,362,
18,18,Cr2O3,Cr2O3,0·00,0.00,362,
18,18,SrO,SrO,n.d.,,362,
18,18,NiO,NiO,n.d.,,362,
18,18,CO2,CO2,n.d.,,362,
18,18,SO3,SO3,0·07,0.07,362,
18,18,total,TOTAL,99·85,99.85,362,
18,18,n_Qz,Qz,—,,362,
18,18,n_Or,Or,3·34,3.34,362,
18,18,n_Ab,Ab,23·84,23.84,362,
18,18,n_Ne,Ne,1·56,1.56,362,
18,18,n_An,An,13·90,13.90,362,
18,18,n_Di,Di,25·31,25.31,362,
18,18,n_Hy,Hy,—,,362,
18,18,n_Ol,Ol,19·97,19.97,362,
18,18,n_Mt,Mt,4·64,4.64,362,
18,18,n_Il,Il,4·86,4.86,362,
18,18,n_Ap,Ap,1·68,1.68,362,
18,18,n_Ct,Ct,—,,362,
18,18,n_Cs,Cs,—,,362,
18,18,n_Ks,Ks,—,,362,
18,18,n_Rest,Rest,0·88,0.88,362,"""Rest"" row of the printed norm"
18,18,n_total,TOTAL,99·98,99.98,362,
19,19,SiO2,SiO2,46·59,46.59,362,
19,19,Al2O3,Al2O3,15·19,15.19,362,
19,19,Fe2O3,Fe2O3,2·96,2.96,362,
19,19,FeO,FeO,9·89,9.89,362,
19,19,MnO,MnO,0·18,0.18,362,
19,19,MgO,MgO,8·74,8.74,362,
19,19,CaO,CaO,10·02,10.02,362,
19,19,Na2O,Na2O,3·01,3.01,362,
19,19,K2O,K2O,0·96,0.96,362,
19,19,H2O+,H2O+,0·05,0.05,362,
19,19,H2O-,H2O-,nil,0,362,"printed ""nil""; entered as 0"
19,19,P2O5,P2O5,0·29,0.29,362,
19,19,TiO2,TiO2,2·26,2.26,362,
19,19,Cr2O3,Cr2O3,0·06,0.06,362,
19,19,SrO,SrO,n.d.,,362,
19,19,NiO,NiO,n.d.,,362,
19,19,CO2,CO2,n.d.,,362,
19,19,SO3,SO3,n.d.,,362,
19,19,total,TOTAL,100·20,100.20,362,
19,19,n_Qz,Qz,—,,362,
19,19,n_Or,Or,5·56,5.56,362,
19,19,n_Ab,Ab,20·96,20.96,362,
19,19,n_Ne,Ne,2·27,2.27,362,
19,19,n_An,An,25·30,25.30,362,
19,19,n_Di,Di,18·51,18.51,362,
19,19,n_Hy,Hy,—,,362,
19,19,n_Ol,Ol,18·21,18.21,362,
19,19,n_Mt,Mt,4·41,4.41,362,
19,19,n_Il,Il,4·26,4.26,362,
19,19,n_Ap,Ap,0·67,0.67,362,
19,19,n_Ct,Ct,—,,362,
19,19,n_Cs,Cs,—,,362,
19,19,n_Ks,Ks,—,,362,
19,19,n_Rest,Rest,0·11,0.11,362,"""Rest"" row of the printed norm"
19,19,n_total,TOTAL,100·26,100.26,362,
20,20*,SiO2,SiO2,46·53,46.53,362,
20,20*,Al2O3,Al2O3,14·31,14.31,362,
20,20*,Fe2O3,Fe2O3,3·16,3.16,362,
20,20*,FeO,FeO,9·81,9.81,362,
20,20*,MnO,MnO,0·18,0.18,362,
20,20*,MgO,MgO,9·54,9.54,362,
20,20*,CaO,CaO,10·32,10.32,362,
20,20*,Na2O,Na2O,2·85,2.85,362,
20,20*,K2O,K2O,0·84,0.84,362,
20,20*,H2O+,H2O+,0·08,0.08,362,
20,20*,H2O-,H2O-,nil,0,362,"printed ""nil""; entered as 0"
20,20*,P2O5,P2O5,0·28,0.28,362,
20,20*,TiO2,TiO2,2·28,2.28,362,
20,20*,Cr2O3,Cr2O3,0·06,0.06,362,
20,20*,SrO,SrO,n.d.,,362,
20,20*,NiO,NiO,n.d.,,362,
20,20*,CO2,CO2,n.d.,,362,
20,20*,SO3,SO3,n.d.,,362,
20,20*,total,TOTAL,100·24,100.24,362,
20,20*,n_Qz,Qz,—,,362,
20,20*,n_Or,Or,5·28,5.28,362,
20,20*,n_Ab,Ab,20·04,20.04,362,
20,20*,n_Ne,Ne,2·20,2.20,362,
20,20*,n_An,An,23·63,23.63,362,
20,20*,n_Di,Di,20·89,20.89,362,
20,20*,n_Hy,Hy,—,,362,
20,20*,n_Ol,Ol,18·48,18.48,362,
20,20*,n_Mt,Mt,4·53,4.53,362,
20,20*,n_Il,Il,4·41,4.41,362,
20,20*,n_Ap,Ap,0·67,0.67,362,
20,20*,n_Ct,Ct,—,,362,
20,20*,n_Cs,Cs,—,,362,
20,20*,n_Ks,Ks,—,,362,
20,20*,n_Rest,Rest,0·14,0.14,362,"""Rest"" row of the printed norm"
20,20*,n_total,TOTAL,100·27,100.27,362,
21,21,SiO2,SiO2,48·42,48.42,362,
21,21,Al2O3,Al2O3,13·97,13.97,362,
21,21,Fe2O3,Fe2O3,4·17,4.17,362,
21,21,FeO,FeO,9·57,9.57,362,
21,21,MnO,MnO,0·17,0.17,362,
21,21,MgO,MgO,4·61,4.61,362,
21,21,CaO,CaO,8·86,8.86,362,
21,21,Na2O,Na2O,3·30,3.30,362,
21,21,K2O,K2O,1·29,1.29,362,
21,21,H2O+,H2O+,0·84,0.84,362,
21,21,H2O-,H2O-,0·42,0.42,362,
21,21,P2O5,P2O5,0·91,0.91,362,
21,21,TiO2,TiO2,3·25,3.25,362,
21,21,Cr2O3,Cr2O3,n.d.,,362,
21,21,SrO,SrO,n.d.,,362,
21,21,NiO,NiO,n.d.,,362,
21,21,CO2,CO2,n.d.,,362,
21,21,SO3,SO3,n.d.,,362,
21,21,total,TOTAL,99·78,99.78,362,
21,21,n_Qz,Qz,0·84,0.84,362,
21,21,n_Or,Or,7·78,7.78,362,
21,21,n_Ab,Ab,27·77,27.77,362,
21,21,n_Ne,Ne,—,,362,
21,21,n_An,An,19·46,19.46,362,
21,21,n_Di,Di,15·49,15.49,362,
21,21,n_Hy,Hy,12·88,12.88,362,
21,21,n_Ol,Ol,—,,362,
21,21,n_Mt,Mt,6·03,6.03,362,
21,21,n_Il,Il,6·23,6.23,362,
21,21,n_Ap,Ap,2·02,2.02,362,
21,21,n_Ct,Ct,—,,362,
21,21,n_Cs,Cs,—,,362,
21,21,n_Ks,Ks,—,,362,
21,21,n_Rest,Rest,1·26,1.26,362,"""Rest"" row of the printed norm"
21,21,n_total,TOTAL,99·76,99.76,362,
22,22,SiO2,SiO2,47·32,47.32,362,
22,22,Al2O3,Al2O3,16·68,16.68,362,
22,22,Fe2O3,Fe2O3,2·63,2.63,362,
22,22,FeO,FeO,8·67,8.67,362,
22,22,MnO,MnO,0·16,0.16,362,
22,22,MgO,MgO,5·43,5.43,362,
22,22,CaO,CaO,11·27,11.27,362,
22,22,Na2O,Na2O,3·08,3.08,362,
22,22,K2O,K2O,0·79,0.79,362,
22,22,H2O+,H2O+,0·23,0.23,362,
22,22,H2O-,H2O-,0·17,0.17,362,
22,22,P2O5,P2O5,0·53,0.53,362,
22,22,TiO2,TiO2,3·09,3.09,362,
22,22,Cr2O3,Cr2O3,n.d.,,362,
22,22,SrO,SrO,n.d.,,362,
22,22,NiO,NiO,n.d.,,362,
22,22,CO2,CO2,n.d.,,362,
22,22,SO3,SO3,n.d.,,362,
22,22,total,TOTAL,100·05,100.05,362,
22,22,n_Qz,Qz,—,,362,
22,22,n_Or,Or,5·00,5.00,362,
22,22,n_Ab,Ab,25·68,25.68,362,
22,22,n_Ne,Ne,0·28,0.28,362,
22,22,n_An,An,29·19,29.19,362,
22,22,n_Di,Di,19·04,19.04,362,
22,22,n_Hy,Hy,—,,362,
22,22,n_Ol,Ol,9·68,9.68,362,
22,22,n_Mt,Mt,3·71,3.71,362,
22,22,n_Il,Il,5·93,5.93,362,
22,22,n_Ap,Ap,1·34,1.34,362,
22,22,n_Ct,Ct,—,,362,
22,22,n_Cs,Cs,—,,362,
22,22,n_Ks,Ks,—,,362,
22,22,n_Rest,Rest,0·40,0.40,362,"""Rest"" row of the printed norm"
22,22,n_total,TOTAL,100·25,100.25,362,
23,23*,SiO2,SiO2,49·28,49.28,362,
23,23*,Al2O3,Al2O3,15·98,15.98,362,
23,23*,Fe2O3,Fe2O3,4·11,4.11,362,
23,23*,FeO,FeO,7·94,7.94,362,
23,23*,MnO,MnO,0·19,0.19,362,
23,23*,MgO,MgO,4·44,4.44,362,
23,23*,CaO,CaO,9·55,9.55,362,
23,23*,Na2O,Na2O,3·47,3.47,362,
23,23*,K2O,K2O,1·26,1.26,362,
23,23*,H2O+,H2O+,0·39,0.39,362,
23,23*,H2O-,H2O-,0·53,0.53,362,
23,23*,P2O5,P2O5,0·23,0.23,362,
23,23*,TiO2,TiO2,3·06,3.06,362,
23,23*,Cr2O3,Cr2O3,0·02,0.02,362,
23,23*,SrO,SrO,n.d.,,362,
23,23*,NiO,NiO,n.d.,,362,
23,23*,CO2,CO2,n.d.,,362,
23,23*,SO3,SO3,n.d.,,362,
23,23*,total,TOTAL,100·45,100.45,362,
23,23*,n_Qz,Qz,—,,362,
23,23*,n_Or,Or,7·50,7.50,362,
23,23*,n_Ab,Ab,29·34,29.34,362,
23,23*,n_Ne,Ne,—,,362,
23,23*,n_An,An,24·32,24.32,362,
23,23*,n_Di,Di,17·97,17.97,362,
23,23*,n_Hy,Hy,6·43,6.43,362,
23,23*,n_Ol,Ol,1·83,1.83,362,
23,23*,n_Mt,Mt,6·03,6.03,362,
23,23*,n_Il,Il,5·78,5.78,362,
23,23*,n_Ap,Ap,0·34,0.34,362,
23,23*,n_Ct,Ct,—,,362,
23,23*,n_Cs,Cs,—,,362,
23,23*,n_Ks,Ks,—,,362,
23,23*,n_Rest,Rest,0·92,0.92,362,"""Rest"" row of the printed norm"
23,23*,n_total,TOTAL,100·46,100.46,362,
24,24*,SiO2,SiO2,39·14,39.14,362,
24,24*,Al2O3,Al2O3,12·23,12.23,362,
24,24*,Fe2O3,Fe2O3,5·28,5.28,362,
24,24*,FeO,FeO,8·02,8.02,362,
24,24*,MnO,MnO,0·20,0.20,362,
24,24*,MgO,MgO,12·86,12.86,362,
24,24*,CaO,CaO,13·11,13.11,362,
24,24*,Na2O,Na2O,3·95,3.95,362,
24,24*,K2O,K2O,1·23,1.23,362,
24,24*,H2O+,H2O+,0·48,0.48,362,
24,24*,H2O-,H2O-,0·16,0.16,362,
24,24*,P2O5,P2O5,0·58,0.58,362,
24,24*,TiO2,TiO2,2·54,2.54,362,
24,24*,Cr2O3,Cr2O3,n.d.,,362,
24,24*,SrO,SrO,n.d.,,362,
24,24*,NiO,NiO,n.d.,,362,
24,24*,CO2,CO2,0·13,0.13,362,
24,24*,SO3,SO3,n.d.,,362,
24,24*,total,TOTAL,99·91,99.91,362,
24,24*,n_Qz,Qz,—,,362,
24,24*,n_Or,Or,—,,362,
24,24*,n_Ab,Ab,—,,362,
24,24*,n_Ne,Ne,18·18,18.18,362,
24,24*,n_An,An,11·95,11.95,362,
24,24*,n_Di,Di,30·60,30.60,362,
24,24*,n_Hy,Hy,—,,362,
24,24*,n_Ol,Ol,17·16,17.16,362,
24,24*,n_Mt,Mt,7·66,7.66,362,
24,24*,n_Il,Il,4·86,4.86,362,
24,24*,n_Ap,Ap,1·34,1.34,362,
24,24*,n_Ct,Ct,0·30,0.30,362,
24,24*,n_Cs,Qz,3·18 (Cs),3.18,362,printed in the Qz row with the annotation (Cs)
24,24*,n_Ks,Or,4·11 (Ks),4.11,362,printed in the Or row with the annotation (Ks)
24,24*,n_Rest,Rest,0·64,0.64,362,"""Rest"" row of the printed norm"
24,24*,n_total,TOTAL,99·98,99.98,362,
