no,investigated,rock,locality,source,SiO2,Al2O3,Fe2O3,FeO,MnO,MgO,CaO,Na2O,K2O,H2O+,H2O-,P2O5,TiO2,Cr2O3,SrO,NiO,CO2,SO3,total,n_Qz,n_Or,n_Ab,n_Ne,n_An,n_Di,n_Hy,n_Ol,n_Mt,n_Il,n_Ap,n_Ct,n_Cs,n_Ks,n_Rest,n_total
1,no,Quartz dolerite,"Palolo Quarry, Honolulu, Oahu",Wentworth & Winchell (1947); analyst F. A. Gonyer,52.30,14.80,3.12,7.30,0.05,6.72,7.98,3.78,0.60,0.64,0.23,0.66,1.68,,,,,,99.86,2.16,3.34,31.96,,21.68,11.14,19.22,,4.41,3.19,1.68,,,,0.87,99.65
2,no,Quartz dolerite,"Palolo Quarry, Honolulu, Oahu",Kuno et al. (1957); analyst K. Nagashima,54.31,13.53,3.05,7.16,0.26,7.26,9.65,2.33,0.49,0.08,0.20,0.02,1.84,,0.11,,,,100.29,8.82,2.78,19.39,,25.02,19.02,16.87,,4.41,3.50,,,,,0.28,100.09
3,yes,Quartz dolerite,"Palolo Quarry, Honolulu, Oahu",Tilley (1950); Cambridge 48589; analyst J. H. Scoon,54.26,13.98,3.19,7.31,0.14,6.91,8.30,2.99,0.49,0.38,0.37,0.28,1.79,,,,,,100.39,7.56,2.78,25.15,,23.35,12.79,19.30,,4.64,3.34,0.67,,,,0.75,100.33
4,no,Hypersthene basalt,"1887 flow, Mauna Loa, Hawaii",Washington (1923b); analyst H. S. Washington,51.90,11.69,2.24,8.84,0.11,7.37,9.87,2.07,0.41,0.31,0.04,0.28,4.89,,,,,,100.02,9.66,2.22,17.29,,21.68,20.51,15.16,,3.25,9.27,0.67,,,,0.35,100.06
5,yes,Hypersthene basalt,"1887 flow, Mauna Loa, Hawaii",Tilley & Scoon (1961); Cambridge 57374; analyst J. H. Scoon,51.77,13.78,2.04,9.13,0.16,8.58,10.12,2.36,0.39,0.07,0.06,0.17,1.76,,,,,,100.39,1.92,2.22,19.91,,25.85,19.19,24.47,,3.02,3.34,0.34,,,,0.13,100.39
6,no,Tholeiite,"prehistoric flow, Kilauea (National Park quarry), Hawaii",Powers (1931); analyst J. J. Fahey,51.35,13.36,1.32,9.85,0.07,7.62,10.74,1.93,0.50,0.29,0.00,0.28,2.50,0.03,,0.025,,,99.86,4.26,2.78,16.24,,26.41,20.65,21.84,,1.86,4.71,0.67,,,,0.29,99.71
7,yes,Tholeiite,"prehistoric flow, Kilauea (National Park quarry), Hawaii",Muir Tilley & Scoon (1957); Cambridge 57358; analyst J. H. Scoon,51.18,14.07,1.35,9.78,0.17,7.78,10.83,2.39,0.44,0.10,0.01,0.15,2.10,0.05,,,,,100.40,0.30,2.22,20.96,,26.13,22.04,22.44,,1.86,3.95,0.34,,,,0.11,100.35
7a,yes,Tholeiite,"1960 flow, Kilauea, Hawaii",Muir & Tilley (1962); tachylite spatter; Cambridge 66158; analyst J. H. Scoon,50.40,13.91,1.80,10.09,0.18,6.57,10.65,2.52,0.69,0.04,0,0.30,3.26,0.04,,,,,100.45,1.80,3.89,20.96,,24.74,21.61,17.82,,2.55,6.08,0.67,,,,0.08,100.20
8,no,Olivine tholeiite,"1921 flow, Kilauea, Hawaii",Powers (1931); analyst L. J. Richardson,50.85,15.30,0.28,10.42,0.10,7.80,11.45,0.70,0.58,0.18,0,0.22,1.55,0.05,,0.002,,,99.48,5.40,3.34,5.76,,36.97,15.98,28.00,,0.46,2.89,0.34,,,,0.18,99.32
9,no,Olivine tholeiite,"1921 flow, Kilauea, Hawaii",Macdonald & Eaton (1955); re-analysis of no. 8; analyst L. N. Tarrant,50.04,13.68,2.29,9.05,0.17,7.61,11.38,2.24,0.57,0.00,0.02,0.27,2.76,,,,0.06,,100.14,1.47,3.34,18.92,,25.58,23.41,18.12,,3.31,5.24,0.64,0.14,,,0.02,100.19
10,no,Olivine tholeiite,"Pele's hair, near 1919 rift crack, Kilauea, Hawaii",Tilley (1960); analyst J. H. Scoon,50.04,14.02,1.72,9.45,0.17,6.93,11.54,2.42,0.57,0.10,0,0.26,3.02,,,,,,100.24,0.87,3.34,20.44,,25.58,24.46,16.52,,5.78,2.55,0.67,,,,0.10,100.31
11,no,Olivine tholeiite,"tachylite, west edge of Kilauea caldera, Hawaii",Tilley (1960); analyst J. H. Scoon,50.07,13.70,1.54,9.80,0.17,7.10,11.59,2.39,0.56,0.05,0,0.27,2.96,,,,,,100.20,0.33,3.34,20.44,,24.74,25.41,17.41,,5.62,2.21,0.67,,,,0.05,100.22
12,no,Olivine tholeiite,"4000 ft SE of Volcano Observatory, Kilauea, Hawaii",Tilley (1960); analyst J. H. Scoon,49.43,12.92,3.14,8.34,0.18,9.24,11.02,2.22,0.52,0.17,0.01,0.26,2.85,,,,,,100.30,0.69,3.06,18.34,,23.77,23.27,20.26,,5.39,4.53,0.67,,,,0.18,100.16
13,no,Olivine tholeiite,"2.1 miles S of Volcano Observatory, Kilauea, Hawaii",Tilley (1960); analyst J. H. Scoon,49.49,13.14,1.49,9.83,0.17,8.96,11.19,2.24,0.52,0.09,0.01,0.26,2.78,,,,,,100.17,,3.06,18.86,,24.19,24.13,17.97,3.81,5.32,2.09,0.67,,,,0.10,100.20
14,yes,Olivine tholeiite,"pressure ridge, south edge of Kilauea crater, Hawaii",Muir Tilley & Scoon (1957); Cambridge 57364; analyst J. H. Scoon,49.16,13.33,1.31,9.71,0.16,10.41,10.93,2.15,0.51,0.04,0.05,0.16,2.29,0.09,,,,,100.30,,2.78,17.82,,25.30,22.93,15.35,9.14,2.09,4.41,0.34,,,,0.09,100.25
15,no,High-alumina basalt,"Warner flow, Medicine Lake Highlands, California",Anderson (1941); analyst W. H. Herdsman,48.50,18.22,0.26,8.69,0.15,8.97,11.58,2.24,0.09,0.12,0.18,0,0.81,,,,,,99.81,,0.56,18.34,,39.48,14.74,9.63,14.66,0.46,1.52,,,,,0.30,99.69
16,yes,High-alumina basalt,"Warner flow, Medicine Lake Highlands, California",re-analysis of no. 15; Cambridge 65998; analyst J. H. Scoon,48.27,18.28,1.04,8.31,0.17,8.96,11.32,2.80,0.14,0.15,0.07,0.07,0.89,,,,,,100.47,,0.56,23.58,,36.97,15.23,,20.55,1.39,1.67,0.17,,,,0.22,100.34
17,no,High-alumina basalt,"Warner flow, Medicine Lake Highlands, California",Cambridge 67549; collected by C. W. Chesterman; analyst J. H. Scoon,47.77,18.52,1.49,7.31,0.14,9.88,11.32,2.55,0.12,0.31,0.11,0.07,0.71,,,,,,100.30,,0.56,21.48,,38.64,13.79,1.68,19.93,2.09,1.37,0.17,,,,0.42,100.13
18,no,Alkali basalt,"1801 lava, Hualalai, Hawaii",Washington (1923b); analyst H. S. Washington,46.43,10.91,3.15,10.26,0.09,11.08,10.09,3.16,0.54,0.66,0.15,0.67,2.59,0.00,,,,0.07,99.85,,3.34,23.84,1.56,13.90,25.31,,19.97,4.64,4.86,1.68,,,,0.88,99.98
19,no,Alkali basalt,"1801 lava, Hualalai, Hawaii",Cambridge 57357; analyst J. H. Scoon,46.59,15.19,2.96,9.89,0.18,8.74,10.02,3.01,0.96,0.05,0,0.29,2.26,0.06,,,,,100.20,,5.56,20.96,2.27,25.30,18.51,,18.21,4.41,4.26,0.67,,,,0.11,100.26
20,yes,Alkali basalt,"prehistoric flow N of Keauhou, Hualalai, Hawaii",Cambridge 65992; collected by G. D. Fraser; analyst J. H. Scoon,46.53,14.31,3.16,9.81,0.18,9.54,10.32,2.85,0.84,0.08,0,0.28,2.28,0.06,,,,,100.24,,5.28,20.04,2.20,23.63,20.89,,18.48,4.53,4.41,0.67,,,,0.14,100.27
21,no,Oxidized hawaiite,"Papalele Gulch, Mauna Kea, Hawaii",Washington (1923a); 'aphyric andesine basalt'; analyst H. S. Washington,48.42,13.97,4.17,9.57,0.17,4.61,8.86,3.30,1.29,0.84,0.42,0.91,3.25,,,,,,99.78,0.84,7.78,27.77,,19.46,15.49,12.88,,6.03,6.23,2.02,,,,1.26,99.76
22,no,Oxidized hawaiite,"Papalele Gulch, Mauna Kea, Hawaii",Washington (1923a); 'feldspar phyric basalt'; analyst H. S. Washington,47.32,16.68,2.63,8.67,0.16,5.43,11.27,3.08,0.79,0.23,0.17,0.53,3.09,,,,,,100.05,,5.00,25.68,0.28,29.19,19.04,,9.68,3.71,5.93,1.34,,,,0.40,100.25
23,yes,Oxidized hawaiite,"Papalele Gulch, Mauna Kea, Hawaii",Cambridge 60464; collected by G. A. Macdonald; analyst J. H. Scoon,49.28,15.98,4.11,7.94,0.19,4.44,9.55,3.47,1.26,0.39,0.53,0.23,3.06,0.02,,,,,100.45,,7.50,29.34,,24.32,17.97,6.43,1.83,6.03,5.78,0.34,,,,0.92,100.46
24,yes,Olivine nephelinite,"dike in the Pali, Oahu",Cambridge 19165; collected by W. Lowthian Green; analyst J. H. Scoon,39.14,12.23,5.28,8.02,0.20,12.86,13.11,3.95,1.23,0.48,0.16,0.58,2.54,,,,0.13,,99.91,,,,18.18,11.95,30.60,,17.16,7.66,4.86,1.34,0.30,3.18,4.11,0.64,99.98
